{
  "Eager": 0.26679039001464844,
  "torch.compile": 0.37490129470825195,
  "FX": 0.2776026725769043,
  "TorchScript": 0.3157496452331543
}