{
  "Eager": 7.239007949829102,
  "torch.compile": 5.855298042297363,
  "FX": 5.792415142059326,
  "TorchScript": 8.7937593460083
}