{
  "Eager": 8.036947250366211,
  "torch.compile": 6.65360689163208,
  "FX": 6.110644340515137,
  "TorchScript": 8.693742752075195
}