{
  "Eager": 7.840204238891601,
  "torch.compile": 6.280553340911865,
  "FX": 6.080210208892822,
  "TorchScript": 8.565402030944824
}