{
  "Eager": 8.00485610961914,
  "torch.compile": 6.53306245803833,
  "FX": 6.289303302764893,
  "TorchScript": 8.73575210571289
}